,shortcode,url,category
0,blobsleepy,https://tooting.ch/system/custom_emojis/images/000/097/041/original/9ef425d72dfbe516.png,Blob Emoji
1,blobfoxsolder,https://tooting.ch/system/custom_emojis/images/000/097/329/original/cfe0f7b65d313f12.png,Blobfox Emoji
2,blobfoxsolderfire,https://tooting.ch/system/custom_emojis/images/000/097/334/original/bcddd34e7483740a.png,Blobfox Emoji
3,jerrycan,https://tooting.ch/system/custom_emojis/images/000/097/591/original/035e03fba047edcc.png,
4,blobsafari,https://tooting.ch/system/custom_emojis/images/000/098/942/original/f396afdbfb8e474e.png,Blob Emoji
5,yaranaika,https://tooting.ch/system/custom_emojis/images/000/099/651/original/8ff7eda3fc7c8a91.png,Memes
6,blobstrawberrycat,https://tooting.ch/system/custom_emojis/images/000/116/835/original/c70a76601b7104dd.png,Blobcat Emoji
7,yaranaika2,https://tooting.ch/system/custom_emojis/images/000/099/652/original/69010d5d3f23fddf.png,Memes
8,blab,https://tooting.ch/system/custom_emojis/images/000/086/075/original/8712e2707b00049b.png,Blob Emoji
9,nyanpasu,https://tooting.ch/system/custom_emojis/images/000/099/888/original/cc33feeb9d6deb64.png,Anime
10,blobfoxsignnou,https://tooting.ch/system/custom_emojis/images/000/100/007/original/9225206538d3b370.png,Blobfox Emoji
11,mtg_0,https://tooting.ch/system/custom_emojis/images/000/100/399/original/57143a6480ada9ef.png,Magic: The Gathering
12,mtg_5,https://tooting.ch/system/custom_emojis/images/000/100/404/original/e75992edb0ae20ce.png,Magic: The Gathering
13,mtg_7,https://tooting.ch/system/custom_emojis/images/000/100/406/original/10f9c49175296f11.png,Magic: The Gathering
14,mtg_9,https://tooting.ch/system/custom_emojis/images/000/100/408/original/2f96781c865b62f8.png,Magic: The Gathering
15,mtg_11,https://tooting.ch/system/custom_emojis/images/000/100/410/original/c2e4a294b5443bcb.png,Magic: The Gathering
16,mtg_12,https://tooting.ch/system/custom_emojis/images/000/100/411/original/a0348fb93d02d8eb.png,Magic: The Gathering
17,mtg_13,https://tooting.ch/system/custom_emojis/images/000/100/412/original/0d74db2ebf015e80.png,Magic: The Gathering
18,mtg_20,https://tooting.ch/system/custom_emojis/images/000/100/420/original/4155591989d2ebe0.png,Magic: The Gathering
19,mtg_2red,https://tooting.ch/system/custom_emojis/images/000/100/442/original/d3bea20aac6fdaed.png,Magic: The Gathering
20,mtg_blackRed,https://tooting.ch/system/custom_emojis/images/000/100/455/original/bb4e5a6c122596e0.png,Magic: The Gathering
21,mtg_blackGreen,https://tooting.ch/system/custom_emojis/images/000/100/453/original/ec2d2cbafb9de50a.png,Magic: The Gathering
22,mtg_1,https://tooting.ch/system/custom_emojis/images/000/100/400/original/6ed33d371fb8876c.png,Magic: The Gathering
23,mtg_2,https://tooting.ch/system/custom_emojis/images/000/100/401/original/e4ea0f118f60750d.png,Magic: The Gathering
24,mtg_3,https://tooting.ch/system/custom_emojis/images/000/100/402/original/a46d73c44780eca1.png,Magic: The Gathering
25,mtg_4,https://tooting.ch/system/custom_emojis/images/000/100/403/original/9b333250146615ad.png,Magic: The Gathering
26,mtg_6,https://tooting.ch/system/custom_emojis/images/000/100/405/original/78eb5dd9cb3bc898.png,Magic: The Gathering
27,mtg_8,https://tooting.ch/system/custom_emojis/images/000/100/407/original/92f56eddbacbf9b0.png,Magic: The Gathering
28,mtg_10,https://tooting.ch/system/custom_emojis/images/000/100/409/original/679ac919446b43ce.png,Magic: The Gathering
29,mtg_14,https://tooting.ch/system/custom_emojis/images/000/100/413/original/425d9ccc9798e4c7.png,Magic: The Gathering
30,mtg_15,https://tooting.ch/system/custom_emojis/images/000/100/414/original/d84a424bf57258ce.png,Magic: The Gathering
31,mtg_17,https://tooting.ch/system/custom_emojis/images/000/100/417/original/2e6767c93d03a493.png,Magic: The Gathering
32,mtg_18,https://tooting.ch/system/custom_emojis/images/000/100/418/original/65857ceb01a470d7.png,Magic: The Gathering
33,mtg_19,https://tooting.ch/system/custom_emojis/images/000/100/419/original/cefcf52e0c5c4baa.png,Magic: The Gathering
34,mtg_greenWhite,https://tooting.ch/system/custom_emojis/images/000/100/459/original/fc62317e27e845f2.png,Magic: The Gathering
35,mtg_redGreen,https://tooting.ch/system/custom_emojis/images/000/100/461/original/113213304d5dd1fc.png,Magic: The Gathering
36,mtg_16,https://tooting.ch/system/custom_emojis/images/000/100/415/original/d0935269b7bd7fc5.png,Magic: The Gathering
37,mtg_white,https://tooting.ch/system/custom_emojis/images/000/100/426/original/a0aaf03671d8f5f6.png,Magic: The Gathering
38,mtg_red,https://tooting.ch/system/custom_emojis/images/000/100/428/original/60f9d73bc5116abd.png,Magic: The Gathering
39,mtg_colorless,https://tooting.ch/system/custom_emojis/images/000/100/432/original/3b45b65306ad019a.png,Magic: The Gathering
40,mtg_multicolor,https://tooting.ch/system/custom_emojis/images/000/100/434/original/d515679a3bbf2ff2.png,Magic: The Gathering
41,mtg_tap,https://tooting.ch/system/custom_emojis/images/000/100/435/original/036338d255976d59.png,Magic: The Gathering
42,mtg_2black,https://tooting.ch/system/custom_emojis/images/000/100/438/original/eb31e8ec18831ef5.png,Magic: The Gathering
43,mtg_2green,https://tooting.ch/system/custom_emojis/images/000/100/440/original/5c063f2dfb15534f.png,Magic: The Gathering
44,mtg_blackPhyrexian,https://tooting.ch/system/custom_emojis/images/000/100/473/original/b624a7cb2a9803e6.png,Magic: The Gathering
45,mtg_redWhite,https://tooting.ch/system/custom_emojis/images/000/100/463/original/4b4ffd7cc59d239c.png,Magic: The Gathering
46,mtg_bluePhyrexian,https://tooting.ch/system/custom_emojis/images/000/100/480/original/fbee0d94c7e8e62f.png,Magic: The Gathering
47,mtg_whitePhyrexian,https://tooting.ch/system/custom_emojis/images/000/100/483/original/c35d7f986c91fea1.png,Magic: The Gathering
48,mtg_greenBlue,https://tooting.ch/system/custom_emojis/images/000/100/457/original/1677ecb73f990784.png,Magic: The Gathering
49,mtg_blueBlack,https://tooting.ch/system/custom_emojis/images/000/100/465/original/d3da2c9675618903.png,Magic: The Gathering
50,mtg_blueRed,https://tooting.ch/system/custom_emojis/images/000/100/467/original/eadcea874cc63d12.png,Magic: The Gathering
51,mtg_whiteBlack,https://tooting.ch/system/custom_emojis/images/000/100/469/original/229d09115438f07b.png,Magic: The Gathering
52,mtg_whiteBlue,https://tooting.ch/system/custom_emojis/images/000/100/471/original/17c0b07e5c26eb48.png,Magic: The Gathering
53,mtg_greenPhyrexian,https://tooting.ch/system/custom_emojis/images/000/100/475/original/9218b628909edec7.png,Magic: The Gathering
54,mtg_redPhyrexian,https://tooting.ch/system/custom_emojis/images/000/100/477/original/ad7249033ab95348.png,Magic: The Gathering
55,mtg_snow,https://tooting.ch/system/custom_emojis/images/000/100/478/original/abecbeea1e6cb927.png,Magic: The Gathering
56,mtg_blue,https://tooting.ch/system/custom_emojis/images/000/100/427/original/4c76db8ef6997e49.png,Magic: The Gathering
57,mtg_green,https://tooting.ch/system/custom_emojis/images/000/100/429/original/fc2afe74a654fdcf.png,Magic: The Gathering
58,mtg_black,https://tooting.ch/system/custom_emojis/images/000/100/430/original/d664a2e843b3a444.png,Magic: The Gathering
59,mtg_untap,https://tooting.ch/system/custom_emojis/images/000/100/436/original/99f129da44ea4eb1.png,Magic: The Gathering
60,mtg_2blue,https://tooting.ch/system/custom_emojis/images/000/100/444/original/e90480cf72cc1acb.png,Magic: The Gathering
61,mtg_2white,https://tooting.ch/system/custom_emojis/images/000/100/446/original/4ff7fafc16888a78.png,Magic: The Gathering
62,mtg_artistInfo,https://tooting.ch/system/custom_emojis/images/000/100/527/original/5757a99a68eaeb2c.png,Magic: The Gathering
63,respect,https://tooting.ch/system/custom_emojis/images/000/100/640/original/dbb09eeee1be72db.png,Memes
64,gayrespect,https://tooting.ch/system/custom_emojis/images/000/100/641/original/729d08882ed9d1c2.png,Memes
65,ablobdundundun,https://tooting.ch/system/custom_emojis/images/000/100/696/original/246f55f90930ab28.png,Blob Emoji
66,blobooh,https://tooting.ch/system/custom_emojis/images/000/102/152/original/5ba2f2f0e72b6179.png,Blob Emoji
67,blobcatsadpats,https://tooting.ch/system/custom_emojis/images/000/118/783/original/12df3a2aa69e5b46.png,Blobcat Emoji
68,blobsnuggle,https://tooting.ch/system/custom_emojis/images/000/009/190/original/8d3f1154fe131ee4.png,Blob Emoji
69,blobheartcat,https://tooting.ch/system/custom_emojis/images/000/009/189/original/1c0ed75df1319f73.png,Blobcat Emoji
70,blobpats,https://tooting.ch/system/custom_emojis/images/000/009/193/original/f604d979f697b6b1.png,Blob Emoji
71,blobuwu,https://tooting.ch/system/custom_emojis/images/000/009/191/original/8b38e1dfa7d4af75.png,Blob Emoji
72,gnu,https://tooting.ch/system/custom_emojis/images/000/009/195/original/1b2c73d649bfbd51.png,Logos and Symbols
73,patcat,https://tooting.ch/system/custom_emojis/images/000/009/200/original/7f49241da7a77bf7.png,Blobcat Emoji
74,blobcheeky,https://tooting.ch/system/custom_emojis/images/000/009/192/original/07c26a4894228771.png,Blob Emoji
75,blobsalute,https://tooting.ch/system/custom_emojis/images/000/013/544/original/0f8f4e9f78262ae8.png,Blob Emoji
76,archlinux,https://tooting.ch/system/custom_emojis/images/000/009/196/original/fabe7cda22156ffc.png,Logos and Symbols
77,mastodon,https://tooting.ch/system/custom_emojis/images/000/009/194/original/98b12dcc1fed260a.png,Logos and Symbols
78,blobcat_ball,https://tooting.ch/system/custom_emojis/images/000/009/197/original/0c4b479d03455bf5.png,Blobcat Emoji
79,blobcatmlem,https://tooting.ch/system/custom_emojis/images/000/009/198/original/a5a19b254d517458.png,Blobcat Emoji
80,gfl_sv98love,https://tooting.ch/system/custom_emojis/images/000/068/337/original/c1fc077b5bdd0085.png,Girls' Frontline Stickers by BulletPuncher-98
81,gfl_m4what,https://tooting.ch/system/custom_emojis/images/000/068/331/original/fe3b9a89f19bd8f2.png,Girls' Frontline Stickers by BulletPuncher-98
82,blobmiou,https://tooting.ch/system/custom_emojis/images/000/009/199/original/abe2527eeedecca8.png,Blobcat Emoji
83,verified,https://tooting.ch/system/custom_emojis/images/000/009/201/original/88f0387d61835ab0.png,Logos and Symbols
84,blobcatgooglyshrug,https://tooting.ch/system/custom_emojis/images/000/009/202/original/a4ad09350dfb5d4c.png,Blobcat Emoji
85,gfl_g11sleepy,https://tooting.ch/system/custom_emojis/images/000/068/329/original/0a22c3f8bc775269.png,Girls' Frontline Stickers by BulletPuncher-98
86,twitter,https://tooting.ch/system/custom_emojis/images/000/009/205/original/d9411dad2cd78d55.png,Logos and Symbols
87,blobcatowoevil,https://tooting.ch/system/custom_emojis/images/000/009/214/original/b836864e02e59a5c.png,Blobcat Emoji
88,blobsad,https://tooting.ch/system/custom_emojis/images/000/009/217/original/6c52d7f63ed403f9.png,Blob Emoji
89,blobfistbumpB,https://tooting.ch/system/custom_emojis/images/000/009/209/original/8fda3a667184e611.png,Blob Emoji
90,blobfistbumpT,https://tooting.ch/system/custom_emojis/images/000/009/210/original/f0c759815acb9c03.png,Blob Emoji
91,blobheart,https://tooting.ch/system/custom_emojis/images/000/009/211/original/96aedd74da6d7e19.png,Blob Emoji
92,gfl_m4sip,https://tooting.ch/system/custom_emojis/images/000/068/330/original/b0e139b7e156c531.png,Girls' Frontline Stickers by BulletPuncher-98
93,gfl_an94blush,https://tooting.ch/system/custom_emojis/images/000/068/899/original/2d1022d7bcf0d938.png,Girls' Frontline Stickers by BulletPuncher-98
94,blobfearful,https://tooting.ch/system/custom_emojis/images/000/009/215/original/82689648ac44da8c.png,Blob Emoji
95,blobhyperthink,https://tooting.ch/system/custom_emojis/images/000/009/216/original/7659a869d1163a60.png,Blob Emoji
96,blobwink,https://tooting.ch/system/custom_emojis/images/000/009/213/original/b8ea21477b5687de.png,Blob Emoji
97,debian,https://tooting.ch/system/custom_emojis/images/000/009/219/original/1e8d986f291c072a.png,Logos and Symbols
98,fedora,https://tooting.ch/system/custom_emojis/images/000/009/220/original/2523064e515506d0.png,Logos and Symbols
99,blob_blowing_kiss,https://tooting.ch/system/custom_emojis/images/000/009/227/original/3d5ca506ecedfc32.png,Blob Emoji
100,python,https://tooting.ch/system/custom_emojis/images/000/009/221/original/f8fb41b6fb98d7c9.png,Logos and Symbols
101,ubuntu,https://tooting.ch/system/custom_emojis/images/000/009/224/original/580765dcf060aecb.png,Logos and Symbols
102,windows,https://tooting.ch/system/custom_emojis/images/000/009/223/original/d136806fd8fda7fe.png,Logos and Symbols
103,blobcry,https://tooting.ch/system/custom_emojis/images/000/009/231/original/a73d94a9122e5ee7.png,Blob Emoji
104,blob_neutral_face,https://tooting.ch/system/custom_emojis/images/000/009/228/original/dbc170a900738f4e.png,Blob Emoji
105,blobderpy,https://tooting.ch/system/custom_emojis/images/000/009/233/original/1a44dad7cb0e7fb3.png,Blob Emoji
106,blobfrowningbig,https://tooting.ch/system/custom_emojis/images/000/009/234/original/cebd4f8a7c10513a.png,Blob Emoji
107,blobkissblush,https://tooting.ch/system/custom_emojis/images/000/009/238/original/6dad12bd7ed3a306.png,Blob Emoji
108,blobhappy,https://tooting.ch/system/custom_emojis/images/000/009/236/original/5e5a6c5a57486afb.png,Blob Emoji
109,blobrofl,https://tooting.ch/system/custom_emojis/images/000/009/244/original/0fb6e0705e48fd50.png,Blob Emoji
110,blobowo,https://tooting.ch/system/custom_emojis/images/000/009/240/original/099e5162c766d4a1.png,Blob Emoji
111,blobreach,https://tooting.ch/system/custom_emojis/images/000/009/243/original/81cd8a20df57c85a.png,Blob Emoji
112,blobpensive,https://tooting.ch/system/custom_emojis/images/000/009/242/original/71ede5269637a324.png,Blob Emoji
113,fingerguns,https://tooting.ch/system/custom_emojis/images/000/009/252/original/00e610290bdc02d5.png,
114,highfive,https://tooting.ch/system/custom_emojis/images/000/009/255/original/e907b5c1c1c1345f.png,
115,blobsoothed,https://tooting.ch/system/custom_emojis/images/000/009/246/original/4f3307648fddbffa.png,Blob Emoji
116,ghostbusters,https://tooting.ch/system/custom_emojis/images/000/009/254/original/0e45a742db20aad1.png,Logos and Symbols
117,blobtonguewink,https://tooting.ch/system/custom_emojis/images/000/009/248/original/ec3490488733fde4.png,Blob Emoji
118,blobupset,https://tooting.ch/system/custom_emojis/images/000/009/249/original/9e38592623b7f2ed.png,Blob Emoji
119,buttwhat,https://tooting.ch/system/custom_emojis/images/000/009/250/original/bc871bafd38b55cc.png,Blob Emoji
120,eyeroll,https://tooting.ch/system/custom_emojis/images/000/009/251/original/1fdb806b0d8d840c.png,
121,garfield,https://tooting.ch/system/custom_emojis/images/000/009/253/original/6bc85456779b8cef.png,
122,thinking_up,https://tooting.ch/system/custom_emojis/images/000/009/257/original/fa244e0e6c4ec697.png,Memes
123,mastodance,https://tooting.ch/system/custom_emojis/images/000/014/497/original/78eba7ebb55532cc.png,
124,blobcattilt,https://tooting.ch/system/custom_emojis/images/000/009/264/original/fdfe15a671c8b823.png,Blobcat Emoji
125,gfl_g36exhausted,https://tooting.ch/system/custom_emojis/images/000/068/901/original/5d9a5d902675b088.png,Girls' Frontline Stickers by BulletPuncher-98
126,thaenkin,https://tooting.ch/system/custom_emojis/images/000/009/258/original/cab988529788d974.png,Memes
127,unverified,https://tooting.ch/system/custom_emojis/images/000/009/259/original/e682b22b1e176cbc.png,Logos and Symbols
128,thinknyan,https://tooting.ch/system/custom_emojis/images/000/009/269/original/6e21302959231d7b.png,Memes
129,blobcatblush,https://tooting.ch/system/custom_emojis/images/000/009/262/original/d567517ad0e50565.png,Blobcat Emoji
130,meow,https://tooting.ch/system/custom_emojis/images/000/009/265/original/aab5506c1df18853.png,Blobcat Emoji
131,meowBox,https://tooting.ch/system/custom_emojis/images/000/009/266/original/3b18f6b3ac495860.png,Blobcat Emoji
132,blobcatbreadpeek,https://tooting.ch/system/custom_emojis/images/000/009/273/original/cbbcec65488d9c6d.png,Blobcat Emoji
133,blobcatknife,https://tooting.ch/system/custom_emojis/images/000/009/278/original/76f45d41d3abc5a2.png,Blobcat Emoji
134,meowGiggle,https://tooting.ch/system/custom_emojis/images/000/009/267/original/53006e2b46e33cf6.png,Blobcat Emoji
135,ablobgrimace,https://tooting.ch/system/custom_emojis/images/000/009/270/original/17412768aeb57846.png,Blob Emoji
136,blobcatcamera,https://tooting.ch/system/custom_emojis/images/000/009/274/original/094c87df605db55b.png,Blobcat Emoji
137,abloblamp,https://tooting.ch/system/custom_emojis/images/000/009/271/original/dc2bd1dc1405e979.png,Blob Emoji
138,ablobpats,https://tooting.ch/system/custom_emojis/images/000/009/272/original/1fb751e946f97c50.png,Blob Emoji
139,blobcatmelt,https://tooting.ch/system/custom_emojis/images/000/009/275/original/215505c701e763ab.png,Blobcat Emoji
140,blobcatpats,https://tooting.ch/system/custom_emojis/images/000/009/277/original/8758b75c8c8c8d52.png,Blobcat Emoji
141,blobhammer,https://tooting.ch/system/custom_emojis/images/000/009/280/original/0c26193e0fb58590.png,Blob Emoji
142,bloblamp,https://tooting.ch/system/custom_emojis/images/000/009/281/original/e79a8811307f25ba.png,Blob Emoji
143,blobnervous,https://tooting.ch/system/custom_emojis/images/000/009/282/original/4ff4b83480301663.png,Blob Emoji
144,blobonfire,https://tooting.ch/system/custom_emojis/images/000/009/283/original/9ae3fa19d48c9ef1.png,Blob Emoji
145,blobuwuevil,https://tooting.ch/system/custom_emojis/images/000/009/285/original/a1e1a5c43c0e1a8d.png,Blob Emoji
146,beetjoy,https://tooting.ch/system/custom_emojis/images/000/145/008/original/05e61fbb400cbdd2.png,
147,beetthinking,https://tooting.ch/system/custom_emojis/images/000/145/009/original/41150e5b09a900c4.png,
148,beetheart_eyes,https://tooting.ch/system/custom_emojis/images/000/145/010/original/77372192a9fd8786.png,
149,beetstar_struck,https://tooting.ch/system/custom_emojis/images/000/145/011/original/e8cbd0682ecd0280.png,
150,blobmeh,https://tooting.ch/system/custom_emojis/images/000/024/650/original/d267db075c5fedd7.png,Blob Emoji
151,blobcatglowsticks,https://tooting.ch/system/custom_emojis/images/000/017/378/original/a2c5b54cf118d42c.png,Blobcat Emoji
152,blobstickred,https://tooting.ch/system/custom_emojis/images/000/017/379/original/e6650f4374732534.png,Blob Emoji
153,blobstickwhite,https://tooting.ch/system/custom_emojis/images/000/017/380/original/c9b6716c06cec543.png,Blob Emoji
154,conga_parrot,https://tooting.ch/system/custom_emojis/images/000/017/733/original/819f4d041bbd40b2.png,Memes
155,blobcatsabakan,https://tooting.ch/system/custom_emojis/images/000/114/644/original/4f5ac628df345c71.png,Blobcat Emoji
156,sabakan,https://tooting.ch/system/custom_emojis/images/000/114/643/original/79703b2272345c2d.png,Memes
157,blobcatnuu,https://tooting.ch/system/custom_emojis/images/000/017/945/original/aaad60b4cbf5c76d.png,Blobcat Emoji
158,blobtongue,https://tooting.ch/system/custom_emojis/images/000/017/946/original/e53bba69cb97c1e1.png,Blob Emoji
159,blobthonkang,https://tooting.ch/system/custom_emojis/images/000/017/947/original/aa4b42dd563248cd.png,Blob Emoji
160,blob_gnikniht,https://tooting.ch/system/custom_emojis/images/000/017/950/original/0f251b5c3e8aa27b.png,Blob Emoji
161,blob0w0,https://tooting.ch/system/custom_emojis/images/000/017/949/original/ffaa16907efa07bb.png,Blob Emoji
162,menacing,https://tooting.ch/system/custom_emojis/images/000/019/426/original/0785eaf7f7d70742.png,Memes
163,blobkirby,https://tooting.ch/system/custom_emojis/images/000/019/431/original/5220861d96637a27.png,Blob Emoji
164,blobscream,https://tooting.ch/system/custom_emojis/images/000/025/777/original/1af87abd388b2126.png,Blob Emoji
165,blobcool,https://tooting.ch/system/custom_emojis/images/000/009/276/original/2a97c1a4602c24eb.png,Blob Emoji
166,blobcheerL,https://tooting.ch/system/custom_emojis/images/000/025/885/original/ee47ce3b1437f919.png,Blob Emoji
167,blobcommieflag,https://tooting.ch/system/custom_emojis/images/000/034/094/original/4933ebfde3c742b9.png,Blob Emoji
168,blobfacepalm,https://tooting.ch/system/custom_emojis/images/000/009/208/original/699ac5f593bd6f5e.png,Blob Emoji
169,blobdab,https://tooting.ch/system/custom_emojis/images/000/009/232/original/6461129330ef5554.png,Blob Emoji
170,blobcheerR,https://tooting.ch/system/custom_emojis/images/000/025/886/original/6023aaad63b1b005.png,Blob Emoji
171,blobcatphones,https://tooting.ch/system/custom_emojis/images/000/020/255/original/138a5d0ff9b60f52.png,Blobcat Emoji
172,blobastonished,https://tooting.ch/system/custom_emojis/images/000/020/259/original/ad18646a50bb79b6.png,Blob Emoji
173,ablobcatbongo,https://tooting.ch/system/custom_emojis/images/000/020/258/original/8d94715d27a6bed1.png,Blobcat Emoji
174,blobcat3c,https://tooting.ch/system/custom_emojis/images/000/020/261/original/491c77f8f919137c.png,Blobcat Emoji
175,blobcatpat,https://tooting.ch/system/custom_emojis/images/000/020/254/original/3f4f01797c46829e.png,Blobcat Emoji
176,blobhero,https://tooting.ch/system/custom_emojis/images/000/020/256/original/98cc4499b335261c.png,Blob Emoji
177,blobupsidedown,https://tooting.ch/system/custom_emojis/images/000/020/252/original/37ff04821470f4e7.png,Blob Emoji
178,blobfingerguns,https://tooting.ch/system/custom_emojis/images/000/009/279/original/e4d6ce02945bb2e9.png,Blob Emoji
179,blobfistbumpL,https://tooting.ch/system/custom_emojis/images/000/010/029/original/eb40af57cdd62ff9.png,Blob Emoji
180,blank,https://tooting.ch/system/custom_emojis/images/000/020/507/original/5ba6a3735d937543.png,
181,blobdead,https://tooting.ch/system/custom_emojis/images/000/020/509/original/05d91edcb9b0b2d4.png,Blob Emoji
182,blobcatdead,https://tooting.ch/system/custom_emojis/images/000/020/508/original/0d490c49d5546f0d.png,Blobcat Emoji
183,blobdisapproval,https://tooting.ch/system/custom_emojis/images/000/025/778/original/8331b47da1d6a6ac.png,Blob Emoji
184,blobdoubt,https://tooting.ch/system/custom_emojis/images/000/054/852/original/b8663c6cb5a5dd19.png,Blob Emoji
185,blobGoodMorning,https://tooting.ch/system/custom_emojis/images/000/019/424/original/f33777660a3a2d86.png,Blob Emoji
186,blobgrin,https://tooting.ch/system/custom_emojis/images/000/009/235/original/852aaf7ebc70776e.png,Blob Emoji
187,blobhearteyes,https://tooting.ch/system/custom_emojis/images/000/009/237/original/f7593456ef1119cd.png,Blob Emoji
188,blobgoodnight,https://tooting.ch/system/custom_emojis/images/000/050/306/original/96fe68789d328ae4.png,Blob Emoji
189,bloblul,https://tooting.ch/system/custom_emojis/images/000/009/239/original/10dd17cff4589f3a.png,Blob Emoji
190,bloboh,https://tooting.ch/system/custom_emojis/images/000/012/954/original/1025118f5806a86c.png,Blob Emoji
191,blobnotlike,https://tooting.ch/system/custom_emojis/images/000/012/962/original/0bfb582859983b80.png,Blob Emoji
192,bloblenny,https://tooting.ch/system/custom_emojis/images/000/019/430/original/eb6335d8413c2309.png,Blob Emoji
193,blobnwn,https://tooting.ch/system/custom_emojis/images/000/044/936/original/7b1c266fcded7cee.png,Blob Emoji
194,blobshh,https://tooting.ch/system/custom_emojis/images/000/009/245/original/cee9d55d52029af3.png,Blob Emoji
195,blobpeek,https://tooting.ch/system/custom_emojis/images/000/009/241/original/a29cd49351b913e5.png,Blob Emoji
196,blobpout,https://tooting.ch/system/custom_emojis/images/000/012/934/original/053987972bef00b1.png,Blob Emoji
197,bloboutage,https://tooting.ch/system/custom_emojis/images/000/046/169/original/ed32b08f4cc9d774.png,Blob Emoji
198,meowPats,https://tooting.ch/system/custom_emojis/images/000/009/268/original/c5469655121d5e03.png,Blobcat Emoji
199,blobsleepless,https://tooting.ch/system/custom_emojis/images/000/009/284/original/d27eda250d18add1.png,Blob Emoji
200,blobsick,https://tooting.ch/system/custom_emojis/images/000/038/457/original/7222f59e948a9770.png,Blob Emoji
201,blobthinking,https://tooting.ch/system/custom_emojis/images/000/009/247/original/43264bf4023fe516.png,Blob Emoji
202,blobsweat,https://tooting.ch/system/custom_emojis/images/000/010/038/original/cc0fada0aec9ff79.png,Blob Emoji
203,blobsweats,https://tooting.ch/system/custom_emojis/images/000/010/039/original/8a74392518b240a5.png,Blob Emoji
204,blobugh,https://tooting.ch/system/custom_emojis/images/000/009/212/original/8e8105ba7ca6d1bb.png,Blob Emoji
205,blobthump,https://tooting.ch/system/custom_emojis/images/000/009/218/original/c87b43629e097723.png,Blob Emoji
206,blobthinkingidea,https://tooting.ch/system/custom_emojis/images/000/019/428/original/609f25817d90bb3e.png,Blob Emoji
207,blobthis,https://tooting.ch/system/custom_emojis/images/000/026/653/original/f79e404e7bd33548.png,Blob Emoji
208,blobthinkingfast,https://tooting.ch/system/custom_emojis/images/000/056/889/original/9ddcb18863c9b5f7.png,Blob Emoji
209,blobwave,https://tooting.ch/system/custom_emojis/images/000/009/203/original/18718f138c331298.png,Blob Emoji
210,blobwaiter,https://tooting.ch/system/custom_emojis/images/000/049/774/original/be80787fd304f00e.png,Blob Emoji
211,blobballfetch,https://tooting.ch/system/custom_emojis/images/000/010/010/original/2cd620a8712cf92d.png,Blobcat Emoji
212,gentleblob,https://tooting.ch/system/custom_emojis/images/000/012/972/original/379072833a071578.png,Blob Emoji
213,blobfoxsipglare,https://tooting.ch/system/custom_emojis/images/000/062/192/original/27b8c4ba10c1d8fd.png,Blobfox Emoji
214,blobcatmelttears,https://tooting.ch/system/custom_emojis/images/000/026/447/original/32b4bf5d293c6bc2.png,Blobcat Emoji
215,ancom,https://tooting.ch/system/custom_emojis/images/000/048/482/original/772f713613b6021a.png,Logos and Symbols
216,boost_no,https://tooting.ch/system/custom_emojis/images/000/049/762/original/280d4c9167649b7b.png,Logos and Symbols
217,ahakase2,https://tooting.ch/system/custom_emojis/images/000/021/699/original/c3f2778dd6216dcf.png,Anime
218,ahakase4,https://tooting.ch/system/custom_emojis/images/000/021/701/original/f8a7056b8aa41811.png,Anime
219,burgnom,https://tooting.ch/system/custom_emojis/images/000/012/949/original/c4bdd1e03fcbdbe4.png,Blob Emoji
220,CanadaLeaf,https://tooting.ch/system/custom_emojis/images/000/009/260/original/7d760964403dd4fc.png,Logos and Symbols
221,ahakase3,https://tooting.ch/system/custom_emojis/images/000/021/700/original/15273583f7482344.png,Anime
222,awesome,https://tooting.ch/system/custom_emojis/images/000/009/204/original/d9fe7fb5b484ed3c.png,Memes
223,bryanmills,https://tooting.ch/system/custom_emojis/images/000/033/075/original/b9cf92fef2718b3b.png,Memes
224,brain1,https://tooting.ch/system/custom_emojis/images/000/041/136/original/21f0be5c564aec82.png,Memes
225,brain4,https://tooting.ch/system/custom_emojis/images/000/041/142/original/1dc9f88ae4cffa7f.png,Memes
226,drinkmoreglurp,https://tooting.ch/system/custom_emojis/images/000/068/051/original/d66991fca8211045.png,Logos and Symbols
227,blabcatverified,https://tooting.ch/system/custom_emojis/images/000/055/675/original/c52e7b0507a3aaf2.png,Blobcat Emoji
228,ovo,https://tooting.ch/system/custom_emojis/images/000/066/097/original/4832256b82515af2.png,Logos and Symbols
229,steinsgate,https://tooting.ch/system/custom_emojis/images/000/017/241/original/5e886913fbc90093.png,Logos and Symbols
230,owi,https://tooting.ch/system/custom_emojis/images/000/009/256/original/e4475c9f0324f45b.png,Blob Emoji
231,ahakase1,https://tooting.ch/system/custom_emojis/images/000/021/698/original/9ff69c439875047f.png,Anime
232,Waitagoshdarnminute,https://tooting.ch/system/custom_emojis/images/000/009/261/original/1942711b21a596ba.png,Blob Emoji
233,blobcatcouncil,https://tooting.ch/system/custom_emojis/images/000/022/703/original/32b433a2d6fa7092.png,Blobcat Emoji
234,blobcatno,https://tooting.ch/system/custom_emojis/images/000/022/705/original/72b3aade71b16236.png,Blobcat Emoji
235,blobcatsmile,https://tooting.ch/system/custom_emojis/images/000/022/706/original/2aa38b1072407dcf.png,Blobcat Emoji
236,blobcatnotlikethis,https://tooting.ch/system/custom_emojis/images/000/022/704/original/1f6e2f09619b1d63.png,Blobcat Emoji
237,blobcatthx,https://tooting.ch/system/custom_emojis/images/000/022/707/original/2ae30ba78b96b208.png,Blobcat Emoji
238,blobcatyes,https://tooting.ch/system/custom_emojis/images/000/022/708/original/7c03477eec00d6df.png,Blobcat Emoji
239,gfl_thunderdeletthis,https://tooting.ch/system/custom_emojis/images/000/068/338/original/3524e7bbd14feb86.png,Girls' Frontline Stickers by BulletPuncher-98
240,gfl_ump45disgust,https://tooting.ch/system/custom_emojis/images/000/068/339/original/6c283d24be109b6f.png,Girls' Frontline Stickers by BulletPuncher-98
241,blobcattea,https://tooting.ch/system/custom_emojis/images/000/012/950/original/a4c4f366ddb75a3b.png,Blobcat Emoji
242,blobcatuwu,https://tooting.ch/system/custom_emojis/images/000/012/960/original/fad9979950ed9980.png,Blobcat Emoji
243,blobpopcorn,https://tooting.ch/system/custom_emojis/images/000/012/958/original/32ee20e8e52e94d2.png,Blob Emoji
244,blobrollingeyes,https://tooting.ch/system/custom_emojis/images/000/012/953/original/81547e66a001b19f.png,Blob Emoji
245,blobthinkingcool,https://tooting.ch/system/custom_emojis/images/000/012/952/original/63e50a59f5a1667d.png,Blob Emoji
246,blobthumbsup,https://tooting.ch/system/custom_emojis/images/000/012/951/original/5f2d0153efa24b73.png,Blob Emoji
247,blobtired,https://tooting.ch/system/custom_emojis/images/000/012/957/original/58e9771789a6d389.png,Blob Emoji
248,blobbandage,https://tooting.ch/system/custom_emojis/images/000/012/965/original/26225c28dd3e6f21.png,Blob Emoji
249,blobconfused,https://tooting.ch/system/custom_emojis/images/000/012/956/original/a5b5a25ed4dabe31.png,Blob Emoji
250,blobbowing,https://tooting.ch/system/custom_emojis/images/000/012/966/original/b65864054d7da20a.png,Blob Emoji
251,blobcouncil,https://tooting.ch/system/custom_emojis/images/000/012/967/original/3291a27c7249d1dc.png,Blob Emoji
252,blobhighfive,https://tooting.ch/system/custom_emojis/images/000/012/963/original/279a03899ccd0e29.png,Blob Emoji
253,ablobsmile,https://tooting.ch/system/custom_emojis/images/000/012/920/original/870540daee7c8d5e.png,Blob Emoji
254,ablobdj,https://tooting.ch/system/custom_emojis/images/000/012/922/original/4456b9239bf2686f.png,Blob Emoji
255,blobboo,https://tooting.ch/system/custom_emojis/images/000/012/924/original/e02ccc8d3d8339e7.png,Blob Emoji
256,blobfrown,https://tooting.ch/system/custom_emojis/images/000/012/968/original/8f2107c24e2797ca.png,Blob Emoji
257,blobpopsicle,https://tooting.ch/system/custom_emojis/images/000/012/973/original/721946689e48ba82.png,Blob Emoji
258,blobsmile,https://tooting.ch/system/custom_emojis/images/000/012/969/original/f6bfa47c9ba8576e.png,Blob Emoji
259,blobsneezing,https://tooting.ch/system/custom_emojis/images/000/012/974/original/149540e91c7a9616.png,Blob Emoji
260,blobthumbsdown,https://tooting.ch/system/custom_emojis/images/000/012/964/original/11ae89a910cecd78.png,Blob Emoji
261,blobthinksmart,https://tooting.ch/system/custom_emojis/images/000/012/975/original/1d8b50111a32eb59.png,Blob Emoji
262,blobunsure,https://tooting.ch/system/custom_emojis/images/000/012/940/original/4b9f6f17c67d7245.png,Blob Emoji
263,blobunamused,https://tooting.ch/system/custom_emojis/images/000/012/971/original/dbc2f8a35c930328.png,Blob Emoji
264,blobxd,https://tooting.ch/system/custom_emojis/images/000/012/941/original/5c86abc5057f612c.png,Blob Emoji
265,drake_dislike,https://tooting.ch/system/custom_emojis/images/000/012/914/original/a31380ec8762c78c.png,Memes
266,meowsmile,https://tooting.ch/system/custom_emojis/images/000/012/970/original/7b72606ef13b11a0.png,Blobcat Emoji
267,surprised_pikachu,https://tooting.ch/system/custom_emojis/images/000/012/916/original/c8eee9fbe2a78ae4.png,Memes
268,tux,https://tooting.ch/system/custom_emojis/images/000/012/946/original/18ad7881d8bff1d2.png,Logos and Symbols
269,oh_no,https://tooting.ch/system/custom_emojis/images/000/012/944/original/e69727992358bec3.png,Memes
270,blobcatgoogly,https://tooting.ch/system/custom_emojis/images/000/012/918/original/569d4a200236261c.png,Blobcat Emoji
271,ablobspin,https://tooting.ch/system/custom_emojis/images/000/012/919/original/caa921b2dc34f8da.png,Blob Emoji
272,ablobcool,https://tooting.ch/system/custom_emojis/images/000/012/921/original/c87a27baa4b90176.png,Blob Emoji
273,blobangel,https://tooting.ch/system/custom_emojis/images/000/012/923/original/3ab2679e78172f15.png,Blob Emoji
274,blobhug,https://tooting.ch/system/custom_emojis/images/000/012/917/original/7a67f45deaaa05ac.png,Blob Emoji
275,blobtea,https://tooting.ch/system/custom_emojis/images/000/012/938/original/67f0cc0aad94e54f.png,Blob Emoji
276,blobtilt,https://tooting.ch/system/custom_emojis/images/000/012/939/original/f3297665c1cad99e.png,Blob Emoji
277,drake_like,https://tooting.ch/system/custom_emojis/images/000/012/915/original/cfe8d2ff1c093f52.png,Memes
278,oh_no_bubble,https://tooting.ch/system/custom_emojis/images/000/012/945/original/555d8a51f6d97491.png,Memes
279,blobcatumm,https://tooting.ch/system/custom_emojis/images/000/012/928/original/88415ae60948578b.png,Blobcat Emoji
280,blobhiss,https://tooting.ch/system/custom_emojis/images/000/012/930/original/1f8d02f0ae33b752.png,Blob Emoji
281,blobnom,https://tooting.ch/system/custom_emojis/images/000/012/932/original/205ec6b60fe3a4ad.png,Blob Emoji
282,blobopenmouth,https://tooting.ch/system/custom_emojis/images/000/012/933/original/d4b2cb601b6444eb.png,Blob Emoji
283,vegan,https://tooting.ch/system/custom_emojis/images/000/012/947/original/0215637557439d44.png,Logos and Symbols
284,blobcatreach,https://tooting.ch/system/custom_emojis/images/000/012/926/original/5dd926a61ba1a5bf.png,Blobcat Emoji
285,blobcatsadreach,https://tooting.ch/system/custom_emojis/images/000/012/927/original/16329410953ead86.png,Blobcat Emoji
286,blobflushed,https://tooting.ch/system/custom_emojis/images/000/012/929/original/291a45718039141e.png,Blob Emoji
287,bloblurk,https://tooting.ch/system/custom_emojis/images/000/012/931/original/b17c8a3c45af7da2.png,Blob Emoji
288,blobreachreverse,https://tooting.ch/system/custom_emojis/images/000/012/935/original/c7f1cd7371a4a94a.png,Blob Emoji
289,blobsip,https://tooting.ch/system/custom_emojis/images/000/012/936/original/519a2b600a0b3667.png,Blob Emoji
290,blobsurprised,https://tooting.ch/system/custom_emojis/images/000/012/937/original/5757c00ab69135e2.png,Blob Emoji
291,bunnypat,https://tooting.ch/system/custom_emojis/images/000/146/712/original/e999529b4b0c10a9.png,
292,gBunny,https://tooting.ch/system/custom_emojis/images/000/146/713/original/31f2f109436a16ab.png,
293,purplebunny,https://tooting.ch/system/custom_emojis/images/000/146/714/original/7e7c1fea3b3612ab.png,
294,flan_bunny,https://tooting.ch/system/custom_emojis/images/000/146/715/original/b58abc6c91034739.png,
295,nttwomanbunnyears,https://tooting.ch/system/custom_emojis/images/000/146/716/original/725b7149657d65a0.png,
296,chick_bunny_costume,https://tooting.ch/system/custom_emojis/images/000/146/719/original/d8cd78eceb9e6b24.png,
297,blobbunnynomblobcat,https://tooting.ch/system/custom_emojis/images/000/146/718/original/ee6c9b1c6bb9f155.png,
298,bunny,https://tooting.ch/system/custom_emojis/images/000/146/720/original/fd9a3b8b5f6481d1.png,
299,blobcatnomblobbunny,https://tooting.ch/system/custom_emojis/images/000/146/717/original/9b80b2db8083e4cf.png,
300,chick_bunny,https://tooting.ch/system/custom_emojis/images/000/146/721/original/a0a34144626620ec.png,
301,scorbunny,https://tooting.ch/system/custom_emojis/images/000/146/723/original/64da86b6b70a55fe.png,
302,bunny_hopping,https://tooting.ch/system/custom_emojis/images/000/146/722/original/79085dde9cccadec.png,
303,sunnaYay,https://tooting.ch/system/custom_emojis/images/000/146/726/original/a5a606dc76f80414.png,
304,sun_photo,https://tooting.ch/system/custom_emojis/images/000/146/727/original/380a1275bff1241b.png,
305,blobsunglasses,https://tooting.ch/system/custom_emojis/images/000/146/725/original/d2e989d2ce7ff369.png,
306,thinkergunsunglasses,https://tooting.ch/system/custom_emojis/images/000/146/724/original/52a3dbff98038b97.png,
307,sundae,https://tooting.ch/system/custom_emojis/images/000/146/728/original/e185fc7302d71bf5.png,
308,nekoa_sunny,https://tooting.ch/system/custom_emojis/images/000/146/729/original/fd02cda0ffd798f2.png,
309,synth_sun,https://tooting.ch/system/custom_emojis/images/000/146/730/original/3c390a19ef3eab36.png,
310,thinkergunsunglasses_left,https://tooting.ch/system/custom_emojis/images/000/146/731/original/6bc27f171faa43e2.png,
311,sunglasses_cry,https://tooting.ch/system/custom_emojis/images/000/146/732/original/4e53d7bd55a79251.png,
312,sunglasses_cry_upsidedown,https://tooting.ch/system/custom_emojis/images/000/146/733/original/6ea0820bf82cd833.png,
313,sunderland,https://tooting.ch/system/custom_emojis/images/000/146/734/original/01207bda582dc600.png,
314,sunglasses_cowboy,https://tooting.ch/system/custom_emojis/images/000/146/735/original/576d752f26cd6630.png,
315,sun,https://tooting.ch/system/custom_emojis/images/000/146/736/original/5c7e9261ae0970d8.png,
316,tsundere,https://tooting.ch/system/custom_emojis/images/000/146/737/original/e51b5c423f507df0.png,
317,rubberduck,https://tooting.ch/system/custom_emojis/images/000/149/112/original/e30b1165fe03b9ea.png,
318,ducklett,https://tooting.ch/system/custom_emojis/images/000/149/113/original/6e9299a0a5e27cf5.png,
319,psyduck,https://tooting.ch/system/custom_emojis/images/000/149/114/original/01c48e368718ab0a.png,
320,duckgoogly,https://tooting.ch/system/custom_emojis/images/000/149/115/original/9a33108764faea7e.png,
321,angryducksmile,https://tooting.ch/system/custom_emojis/images/000/149/117/original/b5e8ba032d34b6d9.png,
322,duckduckgo,https://tooting.ch/system/custom_emojis/images/000/149/118/original/c2a7cf4149c78f22.png,
323,duckhunt,https://tooting.ch/system/custom_emojis/images/000/149/119/original/6fcadbbb287ede47.png,
324,duckie,https://tooting.ch/system/custom_emojis/images/000/149/120/original/450efb1044db67d7.png,
325,revangryduck,https://tooting.ch/system/custom_emojis/images/000/149/121/original/a81f91972560076a.png,
326,rubber_duck,https://tooting.ch/system/custom_emojis/images/000/149/122/original/7563ec9b43e44b6d.png,
327,googlyduck,https://tooting.ch/system/custom_emojis/images/000/149/123/original/ba4f19255f64917a.png,
328,angryduckpat,https://tooting.ch/system/custom_emojis/images/000/149/124/original/3a869a18ad36f3d1.gif,
329,duck_wearing_flippers,https://tooting.ch/system/custom_emojis/images/000/149/125/original/b51f91ea84e0cdd4.png,
330,angryduck,https://tooting.ch/system/custom_emojis/images/000/149/116/original/9f2686601f3226fd.png,
331,duck_verified,https://tooting.ch/system/custom_emojis/images/000/149/126/original/f8533c8d982f7f3d.png,
332,Ducklett,https://tooting.ch/system/custom_emojis/images/000/149/127/original/a352320ce0cbbe68.gif,
333,sadduck,https://tooting.ch/system/custom_emojis/images/000/149/128/original/4f02f8d64355028a.png,
334,duckverified,https://tooting.ch/system/custom_emojis/images/000/149/129/original/a6a4ad85efd536a7.png,
335,duckpathyper,https://tooting.ch/system/custom_emojis/images/000/149/130/original/9b0891b0228060a6.gif,
336,blobfoxducksnuggle,https://tooting.ch/system/custom_emojis/images/000/149/131/original/3cd842aa06f3c41a.png,
337,duckknife,https://tooting.ch/system/custom_emojis/images/000/149/132/original/21898afb26ab5943.png,
338,blobcatcoffee,https://tooting.ch/system/custom_emojis/images/000/009/179/original/f5a45b40bc46d99a.png,Blobcat Emoji
339,blobcat_mlem,https://tooting.ch/system/custom_emojis/images/000/009/178/original/421a4213c2452c19.png,Blobcat Emoji
340,blobcatheart,https://tooting.ch/system/custom_emojis/images/000/009/180/original/19c2075b75922639.png,Blobcat Emoji
341,blobcatrainbow,https://tooting.ch/system/custom_emojis/images/000/009/182/original/586a32d8c74818fa.png,Blobcat Emoji
342,blobcatpeek,https://tooting.ch/system/custom_emojis/images/000/009/185/original/abbe3fab3b9421f7.png,Blobcat Emoji
343,blobaww,https://tooting.ch/system/custom_emojis/images/000/009/186/original/8814a4abc8b6b10a.png,Blob Emoji
344,black_bloc_blob,https://tooting.ch/system/custom_emojis/images/000/009/187/original/e21975e6f5e344a4.png,Blob Emoji
345,blob_dizzy_face,https://tooting.ch/system/custom_emojis/images/000/009/176/original/bb81845ed501a1fd.png,Blob Emoji
346,blobhearteyesa,https://tooting.ch/system/custom_emojis/images/000/009/181/original/06c306c84e4a6ece.png,Blob Emoji
347,blobmelt,https://tooting.ch/system/custom_emojis/images/000/009/175/original/366bbbe160ac6cf6.png,Blob Emoji
348,blobnerd,https://tooting.ch/system/custom_emojis/images/000/009/183/original/179a4622681cd465.png,Blob Emoji
349,fishthink,https://tooting.ch/system/custom_emojis/images/000/010/013/original/da6e45272c2a89fc.png,
350,blobcatlove,https://tooting.ch/system/custom_emojis/images/000/010/021/original/bf56ba5dff99c27b.png,Blobcat Emoji
351,blobcatpizza,https://tooting.ch/system/custom_emojis/images/000/010/022/original/3e014c92a85e39b1.png,Blobcat Emoji
352,blobcatsip,https://tooting.ch/system/custom_emojis/images/000/010/023/original/d4e8f5510db43281.png,Blobcat Emoji
353,blobcatthink,https://tooting.ch/system/custom_emojis/images/000/010/024/original/56811c1d2eaa95c1.png,Blobcat Emoji
354,blobangery,https://tooting.ch/system/custom_emojis/images/000/010/016/original/6ed3750475e836e1.png,Blob Emoji
355,blobangry,https://tooting.ch/system/custom_emojis/images/000/010/017/original/f7e3419772a9300c.png,Blob Emoji
356,blobawkward,https://tooting.ch/system/custom_emojis/images/000/010/018/original/a0be90d600fc456d.png,Blob Emoji
357,blob_cry,https://tooting.ch/system/custom_emojis/images/000/010/014/original/9fc0fb4991297f67.png,Blob Emoji
358,blobbounce,https://tooting.ch/system/custom_emojis/images/000/010/020/original/d81b4ed076ce6c33.png,Blob Emoji
359,blobderp,https://tooting.ch/system/custom_emojis/images/000/010/026/original/aa6c9a8c8b72a6e2.png,Blob Emoji
360,blobdrool,https://tooting.ch/system/custom_emojis/images/000/010/027/original/488e94ab21d7198f.png,Blob Emoji
361,blobeyes,https://tooting.ch/system/custom_emojis/images/000/010/028/original/cb5d5bce0c7ac4cf.png,Blob Emoji
362,blobfistbumpR,https://tooting.ch/system/custom_emojis/images/000/010/050/original/9884168ea42ae833.png,Blob Emoji
363,blobglare,https://tooting.ch/system/custom_emojis/images/000/010/030/original/c785d9cb637a015c.png,Blob Emoji
364,blob_grinning_sweat,https://tooting.ch/system/custom_emojis/images/000/010/015/original/f8c524858ac6b621.png,Blob Emoji
365,bloblewd,https://tooting.ch/system/custom_emojis/images/000/010/031/original/0652389c2edabb33.png,Blob Emoji
366,blobowoevil,https://tooting.ch/system/custom_emojis/images/000/010/032/original/ce3b47b108ab089d.png,Blob Emoji
367,blobpatpat,https://tooting.ch/system/custom_emojis/images/000/010/033/original/54c601b61adfb350.png,Blob Emoji
368,blobsadreach,https://tooting.ch/system/custom_emojis/images/000/010/034/original/9314ab611a9eb05a.png,Blob Emoji
369,blobsatania,https://tooting.ch/system/custom_emojis/images/000/010/035/original/98bfa88af219a017.png,Blob Emoji
370,blobshrug,https://tooting.ch/system/custom_emojis/images/000/010/036/original/5b205139bb1807cd.png,Blob Emoji
371,blobsob,https://tooting.ch/system/custom_emojis/images/000/010/037/original/751ec70ecebcf7eb.png,Blob Emoji
372,blobthinkingeyes,https://tooting.ch/system/custom_emojis/images/000/010/040/original/45e44812eb216534.png,Blob Emoji
373,blobthinkingglare,https://tooting.ch/system/custom_emojis/images/000/010/041/original/001ad049543b2fa4.png,Blob Emoji
374,blobthinkingsmirk,https://tooting.ch/system/custom_emojis/images/000/010/042/original/216d16e8a4fbdcfd.png,Blob Emoji
375,blobwaitaminute,https://tooting.ch/system/custom_emojis/images/000/010/043/original/337b47b86e90704f.png,Blob Emoji
376,blobwhistle,https://tooting.ch/system/custom_emojis/images/000/010/044/original/4ada0ee96435b432.png,Blob Emoji
377,blobwoah,https://tooting.ch/system/custom_emojis/images/000/010/045/original/cdd1781570290c8f.png,Blob Emoji
378,blobbongocat,https://tooting.ch/system/custom_emojis/images/000/010/019/original/9919e0764433021e.png,Blobcat Emoji
379,breadbreadpeek,https://tooting.ch/system/custom_emojis/images/000/010/046/original/6733f69533166eec.png,Blob Emoji
380,breadpeek,https://tooting.ch/system/custom_emojis/images/000/010/047/original/4371a39f2283715c.png,Blob Emoji
381,cookieqt,https://tooting.ch/system/custom_emojis/images/000/010/011/original/f2a4a024a6d26163.png,Blob Emoji
382,mpf,https://tooting.ch/system/custom_emojis/images/000/010/048/original/eac7483a01a4622e.png,Blob Emoji
383,thonk,https://tooting.ch/system/custom_emojis/images/000/010/012/original/d1292e568ed9d992.png,Memes
384,blobcatcozyuwu,https://tooting.ch/system/custom_emojis/images/000/027/950/original/4ce0aba2c242ff0b.png,Blobcat Emoji
385,blobsleep,https://tooting.ch/system/custom_emojis/images/000/028/145/original/57f594c6d03d3d34.png,Blob Emoji
386,blobtechnician,https://tooting.ch/system/custom_emojis/images/000/028/116/original/221393eb8fc58bd4.png,Blob Emoji
387,blobcatmudamudamuda,https://tooting.ch/system/custom_emojis/images/000/028/296/original/d6dc81c902860a5b.png,Blobcat Emoji
388,raclette,https://tooting.ch/system/custom_emojis/images/000/171/226/original/2f0e0313a0b277a8.png,
389,tomscott,https://tooting.ch/system/custom_emojis/images/000/173/117/original/aee0eaf45e05dedf.png,
390,blobsadpat,https://tooting.ch/system/custom_emojis/images/000/032/554/original/4240aeca0f23b350.png,Blob Emoji
391,the_froid_citron,https://tooting.ch/system/custom_emojis/images/000/175/040/original/c10bb483ce9b7228.webp,Logos and Symbols
392,the_froid_peche,https://tooting.ch/system/custom_emojis/images/000/175/041/original/a4b4d118399385b7.webp,Logos and Symbols
393,ch_Appenzell_Rhodes_Interieures,https://tooting.ch/system/custom_emojis/images/000/175/194/original/31bd96f67525d813.png,Switzerland
394,ch_Appenzell_Rhodes_Exterieures,https://tooting.ch/system/custom_emojis/images/000/175/198/original/cfdb23b8fa62fe88.png,Switzerland
395,ch_Berne,https://tooting.ch/system/custom_emojis/images/000/175/199/original/44c0dbf5ee9ea06b.png,Switzerland
396,ch_Tessin,https://tooting.ch/system/custom_emojis/images/000/175/225/original/be92658b74e70e65.png,Switzerland
397,ch_Lucerne,https://tooting.ch/system/custom_emojis/images/000/175/208/original/6caf60422dd14988.png,Switzerland
398,ch_Obwald,https://tooting.ch/system/custom_emojis/images/000/175/215/original/dd7e4d5ed81211f1.png,Switzerland
399,ch_Saint_Gall,https://tooting.ch/system/custom_emojis/images/000/175/216/original/12983c36e2f9ffbe.png,Switzerland
400,ch_Schaffhouse,https://tooting.ch/system/custom_emojis/images/000/175/217/original/5bf4ec1c06d823f1.png,Switzerland
401,ch_Soleure,https://tooting.ch/system/custom_emojis/images/000/175/219/original/72a2601ec849ea87.png,Switzerland
402,ch_Schwytz,https://tooting.ch/system/custom_emojis/images/000/175/221/original/6374536d52e51918.png,Switzerland
403,ch_Zoug,https://tooting.ch/system/custom_emojis/images/000/175/229/original/7ec54d45bb8c50d9.png,Switzerland
404,ch_Zurich,https://tooting.ch/system/custom_emojis/images/000/175/230/original/8303243d432580e1.png,Switzerland
405,ch_argovie,https://tooting.ch/system/custom_emojis/images/000/175/191/original/07371f1c624dec46.png,Switzerland
406,ch_Bale_Campagne,https://tooting.ch/system/custom_emojis/images/000/175/201/original/4097c37127613ee5.png,Switzerland
407,ch_Bale_Ville,https://tooting.ch/system/custom_emojis/images/000/175/202/original/db47ae8e6647fe22.png,Switzerland
408,ch_Fribourg,https://tooting.ch/system/custom_emojis/images/000/175/203/original/7782a761891cbbfd.png,Switzerland
409,ch_Geneve,https://tooting.ch/system/custom_emojis/images/000/175/204/original/e7b5ebb6fc51bfd8.png,Switzerland
410,ch_Glaris,https://tooting.ch/system/custom_emojis/images/000/175/205/original/428896c97a53eb40.png,Switzerland
411,ch_Grisons,https://tooting.ch/system/custom_emojis/images/000/175/206/original/796be781082533ca.png,Switzerland
412,ch_Jura,https://tooting.ch/system/custom_emojis/images/000/175/207/original/a290c5690cf56bd4.png,Switzerland
413,ch_Neuchatel,https://tooting.ch/system/custom_emojis/images/000/175/209/original/9843a3837d5933e4.png,Switzerland
414,ch_Nidwald,https://tooting.ch/system/custom_emojis/images/000/175/210/original/910787fff7060f50.png,Switzerland
415,ch_Thurgovie,https://tooting.ch/system/custom_emojis/images/000/175/222/original/e47649b1204e4213.png,Switzerland
416,ch_Uri,https://tooting.ch/system/custom_emojis/images/000/175/226/original/7168653b4adf2f70.png,Switzerland
417,ch_Vaud,https://tooting.ch/system/custom_emojis/images/000/175/227/original/98acdc91cb41ced7.png,Switzerland
418,ch_Valais,https://tooting.ch/system/custom_emojis/images/000/175/228/original/931c90e0d565c13c.png,Switzerland
419,blobcold,https://tooting.ch/system/custom_emojis/images/000/038/460/original/be3e62192f62586b.png,Blob Emoji
420,blobeyespuppy,https://tooting.ch/system/custom_emojis/images/000/038/455/original/bb216e1baa8f3a9a.png,Blob Emoji
421,blobdroolhappy,https://tooting.ch/system/custom_emojis/images/000/038/456/original/0d0b321869d1627e.png,Blob Emoji
422,blobhuh,https://tooting.ch/system/custom_emojis/images/000/038/459/original/a91832b5aa922398.png,Blob Emoji
423,blobhot,https://tooting.ch/system/custom_emojis/images/000/038/463/original/ef5b20130e62aebb.png,Blob Emoji
424,blobnauseated,https://tooting.ch/system/custom_emojis/images/000/038/458/original/266e7a60486fd83d.png,Blob Emoji
425,blobswearing,https://tooting.ch/system/custom_emojis/images/000/038/454/original/bbd6d3892cac7280.png,Blob Emoji
426,blobwoozy2,https://tooting.ch/system/custom_emojis/images/000/038/461/original/915072e060e4bc87.png,Blob Emoji
427,blobwoozy,https://tooting.ch/system/custom_emojis/images/000/038/462/original/521984e25c0a67eb.png,Blob Emoji
428,blobcatmelt2,https://tooting.ch/system/custom_emojis/images/000/039/926/original/ed3c7fe0fd6acbaf.png,Blobcat Emoji
429,blobcatmelt4,https://tooting.ch/system/custom_emojis/images/000/039/928/original/c57d378dd2f6999d.png,Blobcat Emoji
430,blobcatmelt5,https://tooting.ch/system/custom_emojis/images/000/039/929/original/69d1c19784af5e3f.png,Blobcat Emoji
431,blobcatmelted,https://tooting.ch/system/custom_emojis/images/000/039/930/original/c9d7fdb62030e592.png,Blobcat Emoji
432,blobcataww,https://tooting.ch/system/custom_emojis/images/000/040/046/original/f91da275d3709a64.png,Blobcat Emoji
433,blobcatblep,https://tooting.ch/system/custom_emojis/images/000/040/048/original/7d43cf73cbb76550.png,Blobcat Emoji
434,blobcatnom,https://tooting.ch/system/custom_emojis/images/000/040/047/original/87b1d3c577ebf6dc.png,Blobcat Emoji
435,blobcheerleader,https://tooting.ch/system/custom_emojis/images/000/040/044/original/44c17f608a042858.png,Blob Emoji
436,blobcheerleaderreverse,https://tooting.ch/system/custom_emojis/images/000/040/045/original/ad8963b16eb4beb1.png,Blob Emoji
437,blobteheh,https://tooting.ch/system/custom_emojis/images/000/040/268/original/a54d3609f7c5875f.png,Blob Emoji
438,blobcatgooglycry,https://tooting.ch/system/custom_emojis/images/000/041/125/original/c482c8a472d6a9d0.png,Blobcat Emoji
439,brain10,https://tooting.ch/system/custom_emojis/images/000/041/137/original/e2ed3970d83edcb0.png,Memes
440,brain11,https://tooting.ch/system/custom_emojis/images/000/041/138/original/d5dd953f50eeed33.png,Memes
441,brain12,https://tooting.ch/system/custom_emojis/images/000/041/139/original/b9fcc1d05312011b.png,Memes
442,brain2,https://tooting.ch/system/custom_emojis/images/000/041/140/original/630f9a00db62b312.png,Memes
443,brain3,https://tooting.ch/system/custom_emojis/images/000/041/141/original/75deeb60af30be28.png,Memes
444,brain5,https://tooting.ch/system/custom_emojis/images/000/041/143/original/e527e6202a5a1e77.png,Memes
445,brain6,https://tooting.ch/system/custom_emojis/images/000/041/144/original/e3be0673e8510f37.png,Memes
446,brain7,https://tooting.ch/system/custom_emojis/images/000/041/145/original/3424746e172cf00c.png,Memes
447,brain8,https://tooting.ch/system/custom_emojis/images/000/041/146/original/d64a0b41b2d52122.png,Memes
448,brain9,https://tooting.ch/system/custom_emojis/images/000/041/147/original/2b574e7d03cc32ff.png,Memes
449,triforce,https://tooting.ch/system/custom_emojis/images/000/041/163/original/802928a8c72d3f48.png,Logos and Symbols
450,blobfox,https://tooting.ch/system/custom_emojis/images/000/041/451/original/7bdbd1f68621f4e2.png,Blobfox Emoji
451,blobfox3c,https://tooting.ch/system/custom_emojis/images/000/041/452/original/2e314aa5bda079aa.png,Blobfox Emoji
452,blobfox3cevil,https://tooting.ch/system/custom_emojis/images/000/041/453/original/8289ff6eec6b7dc1.png,Blobfox Emoji
453,blobfoxpat,https://tooting.ch/system/custom_emojis/images/000/041/454/original/0b5d5e81b7620c15.png,Blobfox Emoji
454,blobfoxpatneutral,https://tooting.ch/system/custom_emojis/images/000/041/455/original/67510face1eb3c4c.png,Blobfox Emoji
455,blobfoxpatsad,https://tooting.ch/system/custom_emojis/images/000/041/456/original/44f13037ffb2d053.png,Blobfox Emoji
456,blobcatcoffeesip,https://tooting.ch/system/custom_emojis/images/000/041/995/original/6f9b18cb0eae40c8.png,Blobcat Emoji
457,blobcatevil,https://tooting.ch/system/custom_emojis/images/000/042/469/original/cea557632be9909b.png,Blobcat Emoji
458,blobcatfingerguns,https://tooting.ch/system/custom_emojis/images/000/042/470/original/e7f022d5027b7864.png,Blobcat Emoji
459,blobcatglare,https://tooting.ch/system/custom_emojis/images/000/042/471/original/46e0e1ca4bade0f0.png,Blobcat Emoji
460,blobcathappy,https://tooting.ch/system/custom_emojis/images/000/042/472/original/b12712d451f498e0.png,Blobcat Emoji
461,blobcatlul,https://tooting.ch/system/custom_emojis/images/000/042/473/original/0d90a05c726c31ac.png,Blobcat Emoji
462,blobcatoh,https://tooting.ch/system/custom_emojis/images/000/042/474/original/420a29ee93c8fb94.png,Blobcat Emoji
463,blobcatsad,https://tooting.ch/system/custom_emojis/images/000/042/475/original/8997458bdb669bff.png,Blobcat Emoji
464,blobcatscared,https://tooting.ch/system/custom_emojis/images/000/042/476/original/d6586897d4cd6bd7.png,Blobcat Emoji
465,wtf,https://tooting.ch/system/custom_emojis/images/000/043/325/original/6d8cef15ec885657.png,
466,blobcatwhat,https://tooting.ch/system/custom_emojis/images/000/043/327/original/416dfe4b5433ae3c.png,Blobcat Emoji
467,blobwhat,https://tooting.ch/system/custom_emojis/images/000/043/326/original/7fb1e614ef8ad7b9.png,Blob Emoji
468,nuko,https://tooting.ch/system/custom_emojis/images/000/043/352/original/ae5c3d946508be37.png,Anime
469,blobcatmeltpat,https://tooting.ch/system/custom_emojis/images/000/044/350/original/8e767cd2c8ac46a1.png,Blobcat Emoji
470,blobspy,https://tooting.ch/system/custom_emojis/images/000/044/530/original/37134687e8e00378.png,Blob Emoji
471,sharkpat,https://tooting.ch/system/custom_emojis/images/000/044/643/original/e1b75dc934bfb96f.png,
472,honk,https://tooting.ch/system/custom_emojis/images/000/045/272/original/2d6d8870c267dd5b.png,Memes
473,blobwhee,https://tooting.ch/system/custom_emojis/images/000/045/411/original/6310861d00ccb348.png,Blob Emoji
474,blobcatoutage,https://tooting.ch/system/custom_emojis/images/000/046/170/original/ce792d9dfc4057cf.png,Blobcat Emoji
475,redflag,https://tooting.ch/system/custom_emojis/images/000/048/423/original/6e3f5e984147877c.png,
476,anarchy,https://tooting.ch/system/custom_emojis/images/000/048/483/original/f515b6557b969d6c.png,Logos and Symbols
477,javascript,https://tooting.ch/system/custom_emojis/images/000/049/610/original/9f396d08804e4d9f.png,Logos and Symbols
478,nojavascript,https://tooting.ch/system/custom_emojis/images/000/049/612/original/ae177cb302eaab92.png,Logos and Symbols
479,factorio,https://tooting.ch/system/custom_emojis/images/000/049/813/original/27b9013dcfab3cdb.png,Logos and Symbols
480,youtubetrash,https://tooting.ch/system/custom_emojis/images/000/049/896/original/0d1f93f2b4f47107.png,Memes
481,blobcathug,https://tooting.ch/system/custom_emojis/images/000/050/908/original/695a4ee5a61f228d.png,Blobcat Emoji
482,blobhug2,https://tooting.ch/system/custom_emojis/images/000/050/907/original/c84a9a2049c64823.png,Blob Emoji
483,blabcat,https://tooting.ch/system/custom_emojis/images/000/051/648/original/3d7b9e90609e87b8.png,Blobcat Emoji
484,blobcatverifiedfake,https://tooting.ch/system/custom_emojis/images/000/051/656/original/ca1330de4675909a.png,Blobcat Emoji
485,windowstrash,https://tooting.ch/system/custom_emojis/images/000/052/172/original/577aeba4045be812.png,Memes
486,blobcatheadphones,https://tooting.ch/system/custom_emojis/images/000/052/939/original/c3f8785f70d4d266.png,Blobcat Emoji
487,cloudflaretrash,https://tooting.ch/system/custom_emojis/images/000/053/100/original/3ed10aac2796e631.png,Memes
488,blobcatthinkingglare,https://tooting.ch/system/custom_emojis/images/000/054/845/original/647b4b37e0ff742c.png,Blobcat Emoji
489,blobcatthinkingsmirk,https://tooting.ch/system/custom_emojis/images/000/054/846/original/2a485629a6e8557c.png,Blobcat Emoji
490,blobderpyhappy,https://tooting.ch/system/custom_emojis/images/000/054/851/original/0bab3bc2a40a1f7c.png,Blob Emoji
491,bloboohcry,https://tooting.ch/system/custom_emojis/images/000/054/853/original/54aef4daa980ec6a.png,Blob Emoji
492,blobcatlaugh,https://tooting.ch/system/custom_emojis/images/000/054/835/original/bee370a84907375f.png,Blobcat Emoji
493,blobcatlewd,https://tooting.ch/system/custom_emojis/images/000/054/836/original/ad2690a1d6bc5485.png,Blobcat Emoji
494,blobcatcry,https://tooting.ch/system/custom_emojis/images/000/054/828/original/3b4a1ae721fae716.png,Blobcat Emoji
495,blobcatcry2,https://tooting.ch/system/custom_emojis/images/000/054/829/original/f92036119415fd23.png,Blobcat Emoji
496,blobcatderpdeer,https://tooting.ch/system/custom_emojis/images/000/054/830/original/bb123549871978af.png,Blobcat Emoji
497,blobcatelf,https://tooting.ch/system/custom_emojis/images/000/054/831/original/54307b0209f137ad.png,Blobcat Emoji
498,blobcatgiggle,https://tooting.ch/system/custom_emojis/images/000/054/832/original/b687a6b2241b8a74.png,Blobcat Emoji
499,blobcatgiggle2,https://tooting.ch/system/custom_emojis/images/000/054/833/original/683ae9da7016c214.png,Blobcat Emoji
500,blobcathairflip,https://tooting.ch/system/custom_emojis/images/000/054/834/original/1ea9beaf53e28b54.png,Blobcat Emoji
501,blobcatjustright,https://tooting.ch/system/custom_emojis/images/000/054/823/original/0855d53a4cf6412d.png,Blobcat Emoji
502,blobcatneutral,https://tooting.ch/system/custom_emojis/images/000/054/838/original/cb46c866905a9123.png,Blobcat Emoji
503,blobcatreachmeltuwu,https://tooting.ch/system/custom_emojis/images/000/054/839/original/476645345b324114.png,Blobcat Emoji
504,blobcatsleep2,https://tooting.ch/system/custom_emojis/images/000/054/840/original/2fe958ad5f4a2d7c.png,Blobcat Emoji
505,blob3c,https://tooting.ch/system/custom_emojis/images/000/054/824/original/1726d77aa69f31b6.png,Blob Emoji
506,blobbored,https://tooting.ch/system/custom_emojis/images/000/054/825/original/c1049a01450fe8a5.png,Blob Emoji
507,blobgendo,https://tooting.ch/system/custom_emojis/images/000/054/816/original/d6ba6dc447e2785b.png,Blob Emoji
508,blobsmoothcriminal,https://tooting.ch/system/custom_emojis/images/000/054/812/original/897cb6d3391d2041.png,Blob Emoji
509,blabcatverifiedfake,https://tooting.ch/system/custom_emojis/images/000/055/676/original/283874cfd8b1e9aa.png,Blobcat Emoji
510,ablobcathyper,https://tooting.ch/system/custom_emojis/images/000/056/266/original/dc271bbfa829e98c.png,Blobcat Emoji
511,not,https://tooting.ch/system/custom_emojis/images/000/056/755/original/c1c1339580f9176e.png,Memes
512,meowthinkingfast,https://tooting.ch/system/custom_emojis/images/000/056/890/original/e061e974de88f576.png,Blobcat Emoji
513,sonic,https://tooting.ch/system/custom_emojis/images/000/058/884/original/8235162f9aa7ed5e.png,
514,blobcatreachpat,https://tooting.ch/system/custom_emojis/images/000/058/879/original/221b33bfdc34df9b.png,Blobcat Emoji
515,blubcat,https://tooting.ch/system/custom_emojis/images/000/060/460/original/8cc276baac7704a4.png,Blubcat Emoji
516,blubcatflip,https://tooting.ch/system/custom_emojis/images/000/060/461/original/0b1096d612015f09.png,Blubcat Emoji
517,blubcatflipsnuggle,https://tooting.ch/system/custom_emojis/images/000/060/462/original/fd4c1cc0492be627.png,Blubcat Emoji
518,blubcatnomnom,https://tooting.ch/system/custom_emojis/images/000/060/463/original/b73841a10408755e.png,Blubcat Emoji
519,blubcatowo,https://tooting.ch/system/custom_emojis/images/000/060/464/original/ca0ea9adb60df3bc.png,Blubcat Emoji
520,blubcatsmug,https://tooting.ch/system/custom_emojis/images/000/060/465/original/5b0c327af93de8f3.png,Blubcat Emoji
521,blubcatuhh,https://tooting.ch/system/custom_emojis/images/000/060/466/original/5d74d0c249729aa4.png,Blubcat Emoji
522,nichtwitzig,https://tooting.ch/system/custom_emojis/images/000/060/452/original/838108c86c245d9c.png,Memes
523,witzig,https://tooting.ch/system/custom_emojis/images/000/060/453/original/52cf4f17438de593.png,Memes
524,blobcatsmol,https://tooting.ch/system/custom_emojis/images/000/102/319/original/65f77e2138c437e8.png,Blobcat Emoji
525,blobfoxlaugh,https://tooting.ch/system/custom_emojis/images/000/108/033/original/131dbcf7742bab03.png,Blobfox Emoji
526,bloblaugh,https://tooting.ch/system/custom_emojis/images/000/108/032/original/b3d7928a8a609eb1.png,Blob Emoji
527,blobcatThonkang,https://tooting.ch/system/custom_emojis/images/000/108/160/original/077243c906a3ad5d.png,Blobcat Emoji
528,boost,https://tooting.ch/system/custom_emojis/images/000/102/417/original/966a3ea7927649fc.png,Logos and Symbols
529,hattip,https://tooting.ch/system/custom_emojis/images/000/114/080/original/f820ee1e5157e1ec.png,
530,blobcatsipsweat,https://tooting.ch/system/custom_emojis/images/000/062/189/original/e46cadf16966f05a.png,Blobcat Emoji
531,blobcatsipglare,https://tooting.ch/system/custom_emojis/images/000/062/190/original/d9bb5fcee0b9b020.png,Blobcat Emoji
532,blobfoxsip,https://tooting.ch/system/custom_emojis/images/000/062/191/original/bef6e831610477e2.png,Blobfox Emoji
533,blobfoxsipsmug,https://tooting.ch/system/custom_emojis/images/000/062/193/original/c487a335e083ee06.png,Blobfox Emoji
534,blobfoxsipowo,https://tooting.ch/system/custom_emojis/images/000/062/194/original/9ce2af288e1f05e3.png,Blobfox Emoji
535,blobfoxsipterrified,https://tooting.ch/system/custom_emojis/images/000/062/195/original/a0b9aff1c7ed1fc0.png,Blobfox Emoji
536,blobglasses,https://tooting.ch/system/custom_emojis/images/000/108/267/original/1f1aad2ef0b152cc.png,Blob Emoji
537,blobcatamongus,https://tooting.ch/system/custom_emojis/images/000/108/373/original/54fb851024cfbedd.png,Blobcat Emoji
538,blobfoxowonotice,https://tooting.ch/system/custom_emojis/images/000/065/001/original/778a3cc0b7e69c50.png,Blobfox Emoji
539,felixshrug,https://tooting.ch/system/custom_emojis/images/000/065/158/original/b3d693cfa6a90c6e.png,Anime
540,felixhappy,https://tooting.ch/system/custom_emojis/images/000/065/163/original/386b368c630980f8.png,Anime
541,felixwink,https://tooting.ch/system/custom_emojis/images/000/065/165/original/5f40e82a714de091.png,Anime
542,blobcatscience,https://tooting.ch/system/custom_emojis/images/000/065/350/original/57e8662faeacdf00.png,Blobcat Emoji
543,blobfoxscience,https://tooting.ch/system/custom_emojis/images/000/065/351/original/0a582b775faa856b.png,Blobfox Emoji
544,ablobcatrave,https://tooting.ch/system/custom_emojis/images/000/065/884/original/eb7b42ebd715e9dd.png,Blobcat Emoji
545,ablobrave,https://tooting.ch/system/custom_emojis/images/000/065/885/original/ccb01058a607fe0e.png,Blob Emoji
546,wormsshotgun,https://tooting.ch/system/custom_emojis/images/000/066/095/original/caa237d2e11ed2b6.png,
547,mwee,https://tooting.ch/system/custom_emojis/images/000/115/669/original/6455f8137e3b11aa.png,Anime
548,troll,https://tooting.ch/system/custom_emojis/images/000/066/147/original/5e8c54184a81a807.png,Memes
549,pillowthinking,https://tooting.ch/system/custom_emojis/images/000/067/905/original/6eba12733ef23564.png,Pillow Emoji
550,pillowpats,https://tooting.ch/system/custom_emojis/images/000/067/906/original/8e8e79ae65beba2c.png,Pillow Emoji
551,pillow,https://tooting.ch/system/custom_emojis/images/000/067/907/original/0f4be1f2a455b890.png,Pillow Emoji
552,pillowowo,https://tooting.ch/system/custom_emojis/images/000/067/908/original/d3571233ff2b090e.png,Pillow Emoji
553,blobfoxshocked,https://tooting.ch/system/custom_emojis/images/000/067/969/original/1e3fd465e19f3316.png,Blobfox Emoji
554,blobfoxeyes,https://tooting.ch/system/custom_emojis/images/000/068/017/original/3f4a0ee362117747.png,Blobfox Emoji
555,blobcat,https://tooting.ch/system/custom_emojis/images/000/009/188/original/c554e9077be298a5.png,Blobcat Emoji
556,blobcatglaredrink,https://tooting.ch/system/custom_emojis/images/000/012/925/original/f010584fef5ebe3d.png,Blobcat Emoji
557,blobcatfearful,https://tooting.ch/system/custom_emojis/images/000/012/976/original/cd437bf5e864099f.png,Blobcat Emoji
558,blobcatcozy,https://tooting.ch/system/custom_emojis/images/000/022/702/original/7c5c5ca1c8c334b2.png,Blobcat Emoji
559,blobcatderpy,https://tooting.ch/system/custom_emojis/images/000/040/049/original/2d41a4b7dee0f756.png,Blobcat Emoji
560,blobcateyes,https://tooting.ch/system/custom_emojis/images/000/040/050/original/c2a30a6036d972f2.png,Blobcat Emoji
561,blobcatgooglytrash,https://tooting.ch/system/custom_emojis/images/000/041/124/original/9149b268e632d731.png,Blobcat Emoji
562,blobcatdisturbed,https://tooting.ch/system/custom_emojis/images/000/046/179/original/f55c87dd49a6b128.png,Blobcat Emoji
563,blobcatangel,https://tooting.ch/system/custom_emojis/images/000/054/826/original/006cd90bd50346f2.png,Blobcat Emoji
564,blobcatbandage,https://tooting.ch/system/custom_emojis/images/000/054/827/original/9545746efd832951.png,Blobcat Emoji
565,blobcatmmm,https://tooting.ch/system/custom_emojis/images/000/017/944/original/036d13187ebc7f1a.png,Blobcat Emoji
566,blobcatmorningtea,https://tooting.ch/system/custom_emojis/images/000/020/251/original/e6846e9a627c5463.png,Blobcat Emoji
567,blobcatmelt3,https://tooting.ch/system/custom_emojis/images/000/039/927/original/a64d065b2c775dfc.png,Blobcat Emoji
568,blobcatheadphonesreverse,https://tooting.ch/system/custom_emojis/images/000/052/940/original/16e481d9fac02ede.png,Blobcat Emoji
569,blobcatnervous,https://tooting.ch/system/custom_emojis/images/000/054/837/original/b35e983eb2e2998a.png,Blobcat Emoji
570,blobcatsurprised,https://tooting.ch/system/custom_emojis/images/000/009/263/original/703b3de628656988.png,Blobcat Emoji
571,blobcatsleep,https://tooting.ch/system/custom_emojis/images/000/012/955/original/bdbed3254980a13b.png,Blobcat Emoji
572,blobcatsnuggle,https://tooting.ch/system/custom_emojis/images/000/012/961/original/79778663897584a6.png,Blobcat Emoji
573,blobcatsneeze,https://tooting.ch/system/custom_emojis/images/000/020/811/original/d4397dbbc2b7addc.png,Blobcat Emoji
574,blobcatverified,https://tooting.ch/system/custom_emojis/images/000/051/322/original/3aa478fd3d1c6f98.png,Blobcat Emoji
575,blobcattiltreverse,https://tooting.ch/system/custom_emojis/images/000/053/375/original/5ff7487665cb4a6a.png,Blobcat Emoji
576,blobcatsleepless,https://tooting.ch/system/custom_emojis/images/000/054/841/original/eb640454e6400843.png,Blobcat Emoji
577,blobcatsmug,https://tooting.ch/system/custom_emojis/images/000/054/842/original/b638fe297acae230.png,Blobcat Emoji
578,blobcatthinking,https://tooting.ch/system/custom_emojis/images/000/054/843/original/7278fc660b489387.png,Blobcat Emoji
579,blobcatthinkingeyes,https://tooting.ch/system/custom_emojis/images/000/054/844/original/5bb0bd45ebc80f2b.png,Blobcat Emoji
580,blobcatthinksmart,https://tooting.ch/system/custom_emojis/images/000/054/847/original/db34496155b1aacd.png,Blobcat Emoji
581,blobcatuguu,https://tooting.ch/system/custom_emojis/images/000/054/848/original/cf168f1816c4e5db.png,Blobcat Emoji
582,blobcatunamused,https://tooting.ch/system/custom_emojis/images/000/054/849/original/0ede951e90bdc73b.png,Blobcat Emoji
583,blobcatwut,https://tooting.ch/system/custom_emojis/images/000/054/850/original/90d63fb0d784a7a0.png,Blobcat Emoji
584,blobcatshocked,https://tooting.ch/system/custom_emojis/images/000/067/968/original/2fbe379ca7848c58.png,Blobcat Emoji
585,ablobowo,https://tooting.ch/system/custom_emojis/images/000/009/225/original/fc2569ca38e2ba19.png,Blob Emoji
586,ablobreach,https://tooting.ch/system/custom_emojis/images/000/009/226/original/ebd5d7782eea410b.png,Blob Emoji
587,blobamused,https://tooting.ch/system/custom_emojis/images/000/009/229/original/17d0b81d1797f08e.png,Blob Emoji
588,aconga,https://tooting.ch/system/custom_emojis/images/000/017/732/original/0b0725663a2ebddd.png,Blob Emoji
589,blobblush,https://tooting.ch/system/custom_emojis/images/000/009/177/original/5544cbe29b3f05b2.png,Blob Emoji
590,blobcheer,https://tooting.ch/system/custom_emojis/images/000/009/207/original/ab7777596b4f27ef.png,Blob Emoji
591,blobcoffee,https://tooting.ch/system/custom_emojis/images/000/009/222/original/cfd0af9e90c0eb2f.png,Blob Emoji
592,blobcheerbounce,https://tooting.ch/system/custom_emojis/images/000/009/230/original/b2eadf4f9997c18e.png,Blob Emoji
593,gfl_ar15what,https://tooting.ch/system/custom_emojis/images/000/068/328/original/042d8d83aae6391e.png,Girls' Frontline Stickers by BulletPuncher-98
594,gfl_m249shrug,https://tooting.ch/system/custom_emojis/images/000/068/334/original/ed6a2f31cc389e84.png,Girls' Frontline Stickers by BulletPuncher-98
595,gfl_rothink,https://tooting.ch/system/custom_emojis/images/000/068/335/original/7b8d7f1df1008f39.png,Girls' Frontline Stickers by BulletPuncher-98
596,blobnombread,https://tooting.ch/system/custom_emojis/images/000/068/789/original/0e05dc6387d82aa8.png,Blob Emoji
597,cathug,https://tooting.ch/system/custom_emojis/images/000/117/279/original/f2a980581d78fea9.png,
598,d4,https://tooting.ch/system/custom_emojis/images/000/117/319/original/5bfb84c0dc31f76c.png,Dice
599,d6,https://tooting.ch/system/custom_emojis/images/000/117/320/original/fb9e8b6218d47426.png,Dice
600,d8,https://tooting.ch/system/custom_emojis/images/000/117/321/original/2ae7ad45c88ea5f6.png,Dice
601,d10,https://tooting.ch/system/custom_emojis/images/000/117/322/original/fbcd0df354693030.png,Dice
602,d12,https://tooting.ch/system/custom_emojis/images/000/117/323/original/3eef8fc6a8bbeb65.png,Dice
603,gfl_mdrdab,https://tooting.ch/system/custom_emojis/images/000/068/905/original/6ae08aaa496ea68c.png,Girls' Frontline Stickers by BulletPuncher-98
604,gfl_mp40salute,https://tooting.ch/system/custom_emojis/images/000/068/906/original/ccaf284816d18b24.png,Girls' Frontline Stickers by BulletPuncher-98
605,gfl_ump9smug,https://tooting.ch/system/custom_emojis/images/000/068/907/original/c1f2c256ec7c1266.png,Girls' Frontline Stickers by BulletPuncher-98
606,gfl_wa2000baka,https://tooting.ch/system/custom_emojis/images/000/068/908/original/5fb4fdd67b8d7b48.png,Girls' Frontline Stickers by BulletPuncher-98
607,gfl_ak12smug,https://tooting.ch/system/custom_emojis/images/000/068/327/original/bbf6db020db84cda.png,Girls' Frontline Stickers by BulletPuncher-98
608,gfl_m16rage,https://tooting.ch/system/custom_emojis/images/000/068/333/original/30f33802e2f27756.png,Girls' Frontline Stickers by BulletPuncher-98
609,gfl_sopmodpout,https://tooting.ch/system/custom_emojis/images/000/068/336/original/1184b43a1b0d4329.png,Girls' Frontline Stickers by BulletPuncher-98
610,gfl_aek999headphones,https://tooting.ch/system/custom_emojis/images/000/068/898/original/1ded8cbe6553933a.png,Girls' Frontline Stickers by BulletPuncher-98
611,gfl_m870fufufu,https://tooting.ch/system/custom_emojis/images/000/068/904/original/fac05d0a2c106036.png,Girls' Frontline Stickers by BulletPuncher-98
612,gfl_fncpeek,https://tooting.ch/system/custom_emojis/images/000/068/900/original/b9079c51f152ab2c.png,Girls' Frontline Stickers by BulletPuncher-98
613,gfl_g41pat,https://tooting.ch/system/custom_emojis/images/000/068/902/original/a51f3950e7ac7ceb.png,Girls' Frontline Stickers by BulletPuncher-98
614,gfl_m200wave,https://tooting.ch/system/custom_emojis/images/000/068/903/original/5c34a2fa413e9ff6.png,Girls' Frontline Stickers by BulletPuncher-98
615,akko_hug,https://tooting.ch/system/custom_emojis/images/000/117/280/original/962fd9bef852ca60.png,Anime
616,d20,https://tooting.ch/system/custom_emojis/images/000/117/324/original/06d67b755def275f.png,Dice
617,revblobfoxboop,https://tooting.ch/system/custom_emojis/images/000/069/302/original/93ec065f358f1df6.png,Blobfox Emoji
618,blobfoxboop_w_,https://tooting.ch/system/custom_emojis/images/000/069/303/original/fe43fa2708015bea.png,Blobfox Emoji
619,blobfoxboop,https://tooting.ch/system/custom_emojis/images/000/069/304/original/e94929ff7632349e.png,Blobfox Emoji
620,blobfoxboopblush,https://tooting.ch/system/custom_emojis/images/000/069/305/original/13d08cfa734229c8.png,Blobfox Emoji
621,blobfoxboophappy,https://tooting.ch/system/custom_emojis/images/000/069/306/original/836a1e1735403257.png,Blobfox Emoji
622,blobfoxboopowo,https://tooting.ch/system/custom_emojis/images/000/069/307/original/4be0a7f956db7507.png,Blobfox Emoji
623,revblobfoxboophappy,https://tooting.ch/system/custom_emojis/images/000/069/308/original/f72503ca5f118bf2.png,Blobfox Emoji
624,revblobfoxboopblush,https://tooting.ch/system/custom_emojis/images/000/069/309/original/8b0f05157c8097c8.png,Blobfox Emoji
625,blobfoxboopcute,https://tooting.ch/system/custom_emojis/images/000/069/310/original/f10b676ff2f2539a.png,Blobfox Emoji
626,revblobfoxboop_w_,https://tooting.ch/system/custom_emojis/images/000/069/311/original/21a0cd96bcf5229d.png,Blobfox Emoji
627,revblobfoxboopowo,https://tooting.ch/system/custom_emojis/images/000/069/312/original/86cd0b78bf7fbe74.png,Blobfox Emoji
628,blobfoxboopglare,https://tooting.ch/system/custom_emojis/images/000/069/313/original/f0e3f043bd515124.png,Blobfox Emoji
629,revblobfoxboopcute,https://tooting.ch/system/custom_emojis/images/000/069/314/original/e06e2e14720aa3ea.png,Blobfox Emoji
630,revblobfoxboopglare,https://tooting.ch/system/custom_emojis/images/000/069/315/original/d2ca67b9de108a5c.png,Blobfox Emoji
631,revblobfoxboopmelt,https://tooting.ch/system/custom_emojis/images/000/069/316/original/b44c26affbd0995e.png,Blobfox Emoji
632,blobfoxboopmelt,https://tooting.ch/system/custom_emojis/images/000/069/317/original/5a81b8a5a230a7fb.png,Blobfox Emoji
633,blobtiltwhat,https://tooting.ch/system/custom_emojis/images/000/103/198/original/3846b94df3c9ac19.png,Blob Emoji
634,birbblobpats,https://tooting.ch/system/custom_emojis/images/000/009/206/original/cd5af3d2a3a20079.png,Blob Emoji
635,boost_ok,https://tooting.ch/system/custom_emojis/images/000/102/418/original/2be69496765d874e.png,Logos and Symbols
636,oof,https://tooting.ch/system/custom_emojis/images/000/103/323/original/c482ef968763f900.png,Memes
637,mushroomCloud,https://tooting.ch/system/custom_emojis/images/000/103/415/original/0439752d4810dfd1.png,
638,sinon_surprised,https://tooting.ch/system/custom_emojis/images/000/115/917/original/137de068c9e8bb0f.png,Anime
639,sinon_glare,https://tooting.ch/system/custom_emojis/images/000/115/918/original/0e136e3c08513c77.png,Anime
640,sinonblush,https://tooting.ch/system/custom_emojis/images/000/115/919/original/eb904dd212ee1ac1.png,Anime
641,sinon_no_blush,https://tooting.ch/system/custom_emojis/images/000/115/916/original/1c301377326ddce9.png,Anime
642,blobcatmeltnomblobcatmelt,https://tooting.ch/system/custom_emojis/images/000/118/865/original/b2de6e00c823e9bd.png,Blobcat Emoji
643,blobcatreachmelt,https://tooting.ch/system/custom_emojis/images/000/118/961/original/0d1c1c0b6274e2bf.png,Blobcat Emoji
644,blobcatdisputed,https://tooting.ch/system/custom_emojis/images/000/109/260/original/b8a30933f34cc7cc.png,Blobcat Emoji
645,blobfoxcheck,https://tooting.ch/system/custom_emojis/images/000/109/259/original/bcba56211068c19d.png,Blobfox Emoji
646,blobfoxdisputed,https://tooting.ch/system/custom_emojis/images/000/109/262/original/e675907e68410a0a.png,Blobfox Emoji
647,disputed,https://tooting.ch/system/custom_emojis/images/000/109/261/original/1ad123a46625a8de.png,Logos and Symbols
648,bunpats,https://tooting.ch/system/custom_emojis/images/000/032/449/original/cc0db3deb2d8c918.png,Bun Emoji
649,abunhdhappyhop,https://tooting.ch/system/custom_emojis/images/000/109/264/original/e2f9c927609bf4b4.png,Bun Emoji
650,abunsmile,https://tooting.ch/system/custom_emojis/images/000/109/265/original/8e5a2c2b626ac15f.png,Bun Emoji
651,abunhdhappy,https://tooting.ch/system/custom_emojis/images/000/109/266/original/468b880fcaede011.png,Bun Emoji
652,bun,https://tooting.ch/system/custom_emojis/images/000/109/267/original/dc8b2579ad26068d.png,Bun Emoji
653,abunhdhop,https://tooting.ch/system/custom_emojis/images/000/109/268/original/6d757dacb093955e.png,Bun Emoji
654,bunhd,https://tooting.ch/system/custom_emojis/images/000/109/269/original/3a5142437d89f601.png,Bun Emoji
655,bunhdthinking,https://tooting.ch/system/custom_emojis/images/000/109/270/original/b69f5ca265b64e0f.png,Bun Emoji
656,bunsmile,https://tooting.ch/system/custom_emojis/images/000/109/271/original/6834b2519ac3183e.png,Bun Emoji
657,bunhdheart,https://tooting.ch/system/custom_emojis/images/000/109/272/original/3498bbccbecb1622.png,Bun Emoji
658,bunlove,https://tooting.ch/system/custom_emojis/images/000/109/273/original/8fa91e84ec0580c1.png,Bun Emoji
659,bunhdsad,https://tooting.ch/system/custom_emojis/images/000/109/274/original/f578c28f389ab475.png,Bun Emoji
660,bunnight,https://tooting.ch/system/custom_emojis/images/000/109/275/original/e19da0e44b96f182.png,Bun Emoji
661,bunidle,https://tooting.ch/system/custom_emojis/images/000/109/276/original/8333846010e2ea70.png,Bun Emoji
662,bunhdlurkaww,https://tooting.ch/system/custom_emojis/images/000/109/277/original/83135266954e0cc4.png,Bun Emoji
663,bunhdaww,https://tooting.ch/system/custom_emojis/images/000/109/278/original/b9355aa69992ff69.png,Bun Emoji
664,bunhdcomfyhappy,https://tooting.ch/system/custom_emojis/images/000/109/279/original/d5f792c512c1f4ff.png,Bun Emoji
665,bunhdidle,https://tooting.ch/system/custom_emojis/images/000/109/280/original/01ec099a3e356b4f.png,Bun Emoji
666,bunhdcomfysleep,https://tooting.ch/system/custom_emojis/images/000/109/281/original/95dddee2a7e53142.png,Bun Emoji
667,bunhdpeek,https://tooting.ch/system/custom_emojis/images/000/109/282/original/18d0c1c240e355e7.png,Bun Emoji
668,bunhdsleep,https://tooting.ch/system/custom_emojis/images/000/109/283/original/ea17dc16f33568c1.png,Bun Emoji
669,buncry,https://tooting.ch/system/custom_emojis/images/000/109/284/original/758f32294ba23651.png,Bun Emoji
670,bunhdlurk,https://tooting.ch/system/custom_emojis/images/000/109/285/original/da726942e9b9031e.png,Bun Emoji
671,buncouple,https://tooting.ch/system/custom_emojis/images/000/109/286/original/10cc92f38f5c13f8.png,Bun Emoji
672,bunhduwu,https://tooting.ch/system/custom_emojis/images/000/109/287/original/f9add51be5bd6a38.png,Bun Emoji
673,bunlove_rev,https://tooting.ch/system/custom_emojis/images/000/109/288/original/f2e696263d743abe.png,Bun Emoji
674,abunhd,https://tooting.ch/system/custom_emojis/images/000/109/289/original/05a18b1cec815e2d.png,Bun Emoji
675,giordi_dislike,https://tooting.ch/system/custom_emojis/images/000/071/549/original/6e60b007c4ac4d01.png,Memes
676,giordi_like,https://tooting.ch/system/custom_emojis/images/000/071/550/original/2d9bf30666bc1904.png,Memes
677,blobcatmegumin,https://tooting.ch/system/custom_emojis/images/000/103/879/original/ce555e4096e85b96.png,Blobcat Emoji
678,megumin,https://tooting.ch/system/custom_emojis/images/000/103/878/original/3033a408abeba37f.png,Anime
679,felixkiss,https://tooting.ch/system/custom_emojis/images/000/072/378/original/b16c21ed3822709a.png,Anime
680,felixangry,https://tooting.ch/system/custom_emojis/images/000/072/379/original/7f7809f09a6746d2.png,Anime
681,blobcatshy,https://tooting.ch/system/custom_emojis/images/000/109/539/original/973be93d973c3825.png,Blobcat Emoji
682,blobfoxshy,https://tooting.ch/system/custom_emojis/images/000/109/540/original/1263ccc2e8a32d8f.png,Blobfox Emoji
683,blobcmereyou,https://tooting.ch/system/custom_emojis/images/000/090/435/original/488cead6347b6557.png,Blob Emoji
684,blibcat,https://tooting.ch/system/custom_emojis/images/000/092/421/original/a0e925338fc00a48.png,Blobcat Emoji
685,blobkekeke,https://tooting.ch/system/custom_emojis/images/000/093/449/original/b2bf186556f64941.png,Blob Emoji
686,ablobkeyboard,https://tooting.ch/system/custom_emojis/images/000/093/781/original/1135d1e8d12ab36f.png,Blob Emoji
687,acaretblockgreen,https://tooting.ch/system/custom_emojis/images/000/093/784/original/7de3ee77eefc55b1.png,
688,acaret,https://tooting.ch/system/custom_emojis/images/000/093/785/original/64dd41252ea109ff.png,
689,blobeyesblush,https://tooting.ch/system/custom_emojis/images/000/095/192/original/dcfe6424452d4b90.png,Blob Emoji
690,newl,https://tooting.ch/system/custom_emojis/images/000/095/193/original/51ec4a0d474d9988.png,
691,newr,https://tooting.ch/system/custom_emojis/images/000/095/194/original/82f6c2afaa42a974.png,
692,remblush,https://tooting.ch/system/custom_emojis/images/000/095/189/original/171eeb355e8dd2f7.png,Anime
693,blobcateyesblush,https://tooting.ch/system/custom_emojis/images/000/095/231/original/bd73784ef78f3d98.png,Blobcat Emoji
694,tuturu,https://tooting.ch/system/custom_emojis/images/000/106/072/original/991817ff8feb8cee.png,Anime
695,gib,https://tooting.ch/system/custom_emojis/images/000/095/439/original/3045bc1ceedc7082.png,Anime
